<metadata xml:lang="en"><Esri><CreaDate>20110214</CreaDate><CreaTime>14335400</CreaTime><SyncOnce>FALSE</SyncOnce><SyncDate>20110614</SyncDate><SyncTime>17114500</SyncTime><ModDate>20110614</ModDate><ModTime>17114500</ModTime><DataProperties><lineage><Process ToolSource="C:\Program Files (x86)\ArcGIS\Desktop10.0\ArcToolbox\Toolboxes\Data Management Tools.tbx\CopyRows" Date="20110614" Time="125600">CopyRows "Database Connections\GISDATA_VT.sde\GISDATA.CENSUS2010TIGERROADS_MTFCC" E:\MassGIS\mtrust\export_shp\census2010\CENSUS2010TIGERROADS_MTFCC.dbf #</Process></lineage><itemProps><itemLocation><linkage Sync="TRUE">file://\\ES-AP-AMAP-1\E$\MassGIS\mtrust\export_shp\census2010\CENSUS2010TIGERROADS_MTFCC.dbf</linkage><protocol Sync="TRUE">Local Area Network</protocol></itemLocation><itemName Sync="TRUE">CENSUS2010TIGERROADS_MTFCC</itemName><imsContentType Sync="TRUE">002</imsContentType><itemSize Sync="TRUE">0.073</itemSize></itemProps></DataProperties><ArcGISFormat>1.0</ArcGISFormat><ArcGISstyle>FGDC CSDGM Metadata</ArcGISstyle><ArcGISProfile>FGDC</ArcGISProfile></Esri><idinfo><native Sync="TRUE">Microsoft Windows XP Version 5.1 (Build 2600) Service Pack 3; ESRI ArcCatalog 9.3.1.3500</native><descript><langdata Sync="TRUE">en</langdata><abstract>Table providing detailed descriptions of the U.S. Census Bureau's Master Address File/Topologically Integrated Geographic Encoding and Referencing (MAF/TIGER) database Feature Class Codes (MTFCC). The MAF/TIGER Feature Class Code (MTFCC) replaces the old CFCC code that was used in the 2000 Census. It is more generalized than the CFCC, but still represents a means of differentiating similar feature types.Because of table character limitations, the feature class description field (DESCRIPT) may be truncated for particularly verbose descriptions. With regards to the TIGER roads, the table's primary utility will be in identifying distinctions in the different road types (MTFCC codes that start with "S").From Appendix F in http://www.census.gov/geo/www/tiger/tgrshp2010/TGRSHP10SF1.pdf.</abstract><purpose>Lookup table of TIGER roads MTFCC codes and their descriptions.</purpose></descript><citation><citeinfo><origin>U.S. Census Bureau</origin><pubdate>20110321</pubdate><title Sync="TRUE">2010 U.S. Census TIGER Roads MAF/TIGER Feature Class Code (MTFCC) Lookup Table</title><ftname Sync="TRUE">DMARRIER.TIG2K9_MTFCC</ftname><geoform Sync="TRUE">tabular digital data</geoform></citeinfo></citation><timeperd><current>publication date</current><timeinfo><sngdate><caldate>20110321</caldate></sngdate></timeinfo></timeperd><status><progress>REQUIRED: The state of the data set.</progress><update>REQUIRED: The frequency with which changes and additions are made to the data set after the initial data set is completed.</update></status><spdom><bounding><westbc Sync="TRUE">REQUIRED: Western-most coordinate of the limit of coverage expressed in longitude.</westbc><eastbc Sync="TRUE">REQUIRED: Eastern-most coordinate of the limit of coverage expressed in longitude.</eastbc><northbc Sync="TRUE">REQUIRED: Northern-most coordinate of the limit of coverage expressed in latitude.</northbc><southbc Sync="TRUE">REQUIRED: Southern-most coordinate of the limit of coverage expressed in latitude.</southbc></bounding></spdom><keywords><theme><themekt>REQUIRED: Reference to a formally registered thesaurus or a similar authoritative source of theme keywords.</themekt><themekey>REQUIRED: Common-use word or phrase used to describe the subject of the data set.</themekey></theme></keywords><accconst>None</accconst><useconst>None</useconst><natvform Sync="TRUE">SDE Table</natvform></idinfo><dataIdInfo><envirDesc Sync="TRUE">Microsoft Windows Server 2008 R2 Version 6.1 (Build 7600) ; ESRI ArcGIS 10.0.2.3200</envirDesc><dataLang><languageCode Sync="TRUE" value="eng" country="USA"/></dataLang><idCitation><resTitle Sync="FALSE">2010 U.S. Census TIGER Roads MAF/TIGER Feature Class Code (MTFCC) Lookup Table</resTitle><presForm><PresFormCd Sync="TRUE" value="011"/></presForm></idCitation><spatRpType><SpatRepTypCd value="003"></SpatRepTypCd></spatRpType><descKeys><thesaName uuidref="723f6998-058e-11dc-8314-0800200c9a66"/><keyword Sync="TRUE">002</keyword></descKeys><idPurp>Lookup table of TIGER roads MTFCC codes and their descriptions.</idPurp><idAbs>&lt;DIV STYLE="text-align:Left;"&gt;&lt;DIV&gt;&lt;DIV&gt;&lt;P&gt;&lt;SPAN&gt;Table providing detailed descriptions of the U.S. Census Bureau's Master Address File/Topologically Integrated Geographic Encoding and Referencing (MAF/TIGER) database Feature Class Codes (MTFCC). The MAF/TIGER Feature Class Code (MTFCC) replaces the old CFCC code that was used in the 2000 Census. It is more generalized than the CFCC, but still represents a means of differentiating similar feature types.&lt;/SPAN&gt;&lt;/P&gt;&lt;P&gt;&lt;SPAN&gt;Because of table character limitations, the feature class description field (DESCRIPT) may be truncated for particularly verbose descriptions. With regards to the TIGER roads, the table's primary utility will be in identifying distinctions in the different road types (MTFCC codes that start with "S").&lt;/SPAN&gt;&lt;/P&gt;&lt;P&gt;&lt;SPAN /&gt;&lt;/P&gt;&lt;P&gt;&lt;SPAN&gt;From Appendix F in http://www.census.gov/geo/www/tiger/tgrshp2010/TGRSHP10SF1.pdf.&lt;/SPAN&gt;&lt;/P&gt;&lt;P&gt;&lt;SPAN /&gt;&lt;/P&gt;&lt;P&gt;&lt;SPAN /&gt;&lt;/P&gt;&lt;/DIV&gt;&lt;/DIV&gt;&lt;/DIV&gt;</idAbs><idCredit>U.S. Census Bureau</idCredit><searchKeys><keyword>Census</keyword><keyword>strret type codes</keyword></searchKeys><resConst><Consts><useLimit>No limitations, although this table is still considered DRAFT by MassGIS.</useLimit></Consts></resConst></dataIdInfo><metainfo><langmeta Sync="TRUE">en</langmeta><metstdn Sync="TRUE">FGDC Content Standards for Digital Geospatial Metadata</metstdn><metstdv Sync="TRUE">FGDC-STD-001-1998</metstdv><mettc Sync="TRUE">local time</mettc><metc><cntinfo><cntorgp><cntper>REQUIRED: The person responsible for the metadata information.</cntper><cntorg>REQUIRED: The organization responsible for the metadata information.</cntorg></cntorgp><cntaddr><addrtype>REQUIRED: The mailing and/or physical address for the organization or individual.</addrtype><city>REQUIRED: The city of the address.</city><state>REQUIRED: The state or province of the address.</state><postal>REQUIRED: The ZIP or other postal code of the address.</postal></cntaddr><cntvoice>REQUIRED: The telephone number by which individuals can speak to the organization or individual.</cntvoice></cntinfo></metc><metd Sync="TRUE">20100610</metd></metainfo><mdLang><languageCode Sync="TRUE" value="eng"/></mdLang><mdStanName Sync="TRUE">ISO 19115 Geographic Information - Metadata</mdStanName><mdStanVer Sync="TRUE">DIS_ESRI1.0</mdStanVer><mdChar><CharSetCd Sync="TRUE" value="004"/></mdChar><mdHrLv><ScopeCd Sync="TRUE" value="007"/></mdHrLv><mdHrLvName Sync="TRUE">dataset</mdHrLvName><distinfo><resdesc Sync="TRUE">Downloadable Data</resdesc></distinfo><distInfo><distributor><distorTran><onLineSrc><orDesc Sync="TRUE">002</orDesc><linkage Sync="TRUE">Server=Phoenix; Service=esri_sde; User=dmarrier; Version=SDE.DEFAULT</linkage><protocol Sync="TRUE">ArcSDE Connection</protocol></onLineSrc></distorTran><distorFormat><formatName Sync="TRUE">SDE Table</formatName></distorFormat></distributor><distFormat><formatName Sync="TRUE">dBASE Table</formatName></distFormat><distTranOps><transSize Sync="TRUE">0.073</transSize></distTranOps></distInfo><eainfo><detailed Name="CENSUS2010TIGERROADS_MTFCC" xmlns=""><enttyp><enttypl Sync="TRUE">CENSUS2010TIGERROADS_MTFCC</enttypl><enttypt Sync="TRUE">Table</enttypt><enttypc Sync="TRUE">171</enttypc></enttyp><attr><attrlabl Sync="TRUE">OID</attrlabl><attalias Sync="TRUE">OID</attalias><attrtype Sync="TRUE">OID</attrtype><attwidth Sync="TRUE">4</attwidth><atprecis Sync="TRUE">0</atprecis><attscale Sync="TRUE">0</attscale><attrdef Sync="TRUE">Internal feature number.</attrdef><attrdefs Sync="TRUE">ESRI</attrdefs><attrdomv><udom Sync="TRUE">Sequential unique whole numbers that are automatically generated.</udom></attrdomv></attr><attr xmlns=""><attrlabl Sync="TRUE">MTFCC</attrlabl><attalias Sync="TRUE">MTFCC</attalias><attrtype Sync="TRUE">String</attrtype><attwidth Sync="TRUE">10</attwidth><atprecis Sync="TRUE">0</atprecis><attscale Sync="TRUE">0</attscale><attrdef>MAF/TIGER feature class code. Road types begin with "S".</attrdef></attr><attr xmlns=""><attrlabl Sync="TRUE">FEAT_CLASS</attrlabl><attalias Sync="TRUE">FEAT_CLASS</attalias><attrtype Sync="TRUE">String</attrtype><attwidth Sync="TRUE">100</attwidth><atprecis Sync="TRUE">0</atprecis><attscale Sync="TRUE">0</attscale><attrdef>Brief feature class description</attrdef></attr><attr xmlns=""><attrlabl Sync="TRUE">SUPERCLASS</attrlabl><attalias Sync="TRUE">SUPERCLASS</attalias><attrtype Sync="TRUE">String</attrtype><attwidth Sync="TRUE">50</attwidth><atprecis Sync="TRUE">0</atprecis><attscale Sync="TRUE">0</attscale><attrdef>Generic feature class category</attrdef></attr><attr xmlns=""><attrlabl Sync="TRUE">POINT_FEAT</attrlabl><attalias Sync="TRUE">POINT_FEAT</attalias><attrtype Sync="TRUE">String</attrtype><attwidth Sync="TRUE">10</attwidth><atprecis Sync="TRUE">0</atprecis><attscale Sync="TRUE">0</attscale><attrdef>Point feature flag (Y/N)</attrdef></attr><attr xmlns=""><attrlabl Sync="TRUE">LINE_FEAT</attrlabl><attalias Sync="TRUE">LINE_FEAT</attalias><attrtype Sync="TRUE">String</attrtype><attwidth Sync="TRUE">10</attwidth><atprecis Sync="TRUE">0</atprecis><attscale Sync="TRUE">0</attscale><attrdef>Linear feature flag (Y/N)</attrdef></attr><attr xmlns=""><attrlabl Sync="TRUE">AREA_FEAT</attrlabl><attalias Sync="TRUE">AREA_FEAT</attalias><attrtype Sync="TRUE">String</attrtype><attwidth Sync="TRUE">10</attwidth><atprecis Sync="TRUE">0</atprecis><attscale Sync="TRUE">0</attscale><attrdef>Areal (polygon) feature flag (Y/N)</attrdef></attr><attr xmlns=""><attrlabl Sync="TRUE">DESCRIPT</attrlabl><attalias Sync="TRUE">DESCRIPT</attalias><attrtype Sync="TRUE">String</attrtype><attwidth Sync="TRUE">254</attwidth><atprecis Sync="TRUE">0</atprecis><attscale Sync="TRUE">0</attscale><attrdef>Detailed feature class description</attrdef></attr></detailed></eainfo><mdDateSt Sync="TRUE">20110614</mdDateSt></metadata>
