<metadata xml:lang="en"><Esri><CreaDate>20110214</CreaDate><CreaTime>16372400</CreaTime><ArcGISFormat>1.0</ArcGISFormat><SyncOnce>FALSE</SyncOnce><DataProperties><itemProps><itemName Sync="TRUE">CENSUS2010TIGERROADS_FNA</itemName><imsContentType Sync="TRUE">002</imsContentType><itemLocation><linkage Sync="TRUE">file://\\ES-AP-AMAP-1\E$\MassGIS\mtrust\export_shp\census2010\CENSUS2010TIGERROADS_FNA.dbf</linkage><protocol Sync="TRUE">Local Area Network</protocol></itemLocation><itemSize Sync="TRUE">28.036</itemSize></itemProps><lineage><Process ToolSource="C:\Program Files (x86)\ArcGIS\Desktop10.0\ArcToolbox\Toolboxes\Data Management Tools.tbx\CalculateField" Date="20110214" Time="152207" Name="" export="">CalculateField tl_2010_25_featnames_alt concat "[TLID] &amp; [FULLNAME] &amp; [LINEARID] &amp; [MTFCC]" VB #</Process><Process ToolSource="C:\Program Files (x86)\ArcGIS\Desktop10.0\ArcToolbox\Toolboxes\Data Management Tools.tbx\CalculateField" Date="20110214" Time="152413" Name="" export="">CalculateField tl_2010_25_featnames_alt tempdupe 1 VB #</Process><Process ToolSource="C:\Program Files (x86)\ArcGIS\Desktop10.0\ArcToolbox\Toolboxes\Data Management Tools.tbx\CalculateField" Date="20110214" Time="154412" Name="" export="">CalculateField tl_2010_25_featnames_alt OBJID [OBJECTID] VB #</Process><Process ToolSource="C:\Program Files (x86)\ArcGIS\Desktop10.0\ArcToolbox\Toolboxes\Data Management Tools.tbx\CopyRows" Date="20110613" Time="150658" Name="" export="">CopyRows E:\MassGIS\dmarrier\PROJECTS\CENSUS\CENSUS2011\MA_025\CEN2K10_GEO.gdb\TL_2010_25_FEATNAMES_ALT "Database Connections\GISDATA_VT.sde\GISDATA.TL_2010_25_FEATNAMES_ALT" #</Process><Process ToolSource="C:\Program Files (x86)\ArcGIS\Desktop10.0\ArcToolbox\Toolboxes\Data Management Tools.tbx\CopyRows" Date="20110614" Time="125559">CopyRows "Database Connections\GISDATA_VT.sde\GISDATA.CENSUS2010TIGERROADS_FNA" E:\MassGIS\mtrust\export_shp\census2010\CENSUS2010TIGERROADS_FNA.dbf #</Process></lineage></DataProperties><SyncDate>20110614</SyncDate><SyncTime>12574200</SyncTime><ModDate>20110614</ModDate><ModTime>12574200</ModTime><ArcGISProfile>FGDC</ArcGISProfile></Esri><dataIdInfo><envirDesc Sync="TRUE">Microsoft Windows Server 2008 R2 Version 6.1 (Build 7600) ; ESRI ArcGIS 10.0.2.3200</envirDesc><dataLang><languageCode value="eng" country="USA"/></dataLang><idCitation><resTitle Sync="FALSE">2010 U.S. Census TIGER Roads Alternate Feature Names Relationships Table</resTitle><presForm><PresFormCd value="011"/></presForm></idCitation><spatRpType><SpatRepTypCd value="003"></SpatRepTypCd></spatRpType><descKeys><thesaName uuidref="723f6998-058e-11dc-8314-0800200c9a66"/><keyword Sync="TRUE">002</keyword></descKeys><idPurp>Statewide alternate feature names relationship table for the 2010 U.S. Census TIGER roads.</idPurp><idAbs>&lt;DIV STYLE="text-align:Left;"&gt;&lt;DIV&gt;&lt;DIV&gt;&lt;P&gt;&lt;SPAN&gt;This table represents a merge of the county-based alternate feature names relationship tables in Massachusetts. (tl_2010__featnames.dbf) Indexes have been created for most of the fields in the file geodatabase. This table is identical in schema to its parent CENSUS2010TIGERROADS_FN table source, but has significantly fewer records since only the alternate names are stored here. This table has also undergone slightly more processing in that any records with identical combinations of TLID + FULLNAME + LINEARID have had duplicates identified and removed. Also, any non-street feature names have been removed. This is the table that should be used as an alias table in a geocoding solution, with TLID used as the common linking field.&lt;/SPAN&gt;&lt;/P&gt;&lt;/DIV&gt;&lt;/DIV&gt;&lt;/DIV&gt;</idAbs><idCredit>U.S. Census Bureau, MassGIS</idCredit><resConst><Consts><useLimit>No access limitations, though this table is still considered DRAFT data by MassGIS.</useLimit></Consts></resConst></dataIdInfo><mdLang><languageCode value="eng"/></mdLang><distInfo><distFormat><formatName Sync="TRUE">dBASE Table</formatName></distFormat><distTranOps><transSize Sync="TRUE">28.036</transSize></distTranOps></distInfo><mdHrLv><ScopeCd value="007"/></mdHrLv><mdHrLvName Sync="TRUE">dataset</mdHrLvName><eainfo><detailed Name="CENSUS2010TIGERROADS_FNA" xmlns=""><enttyp><enttypl Sync="TRUE">CENSUS2010TIGERROADS_FNA</enttypl><enttypt Sync="TRUE">Table</enttypt><enttypc Sync="TRUE">72053</enttypc></enttyp><attr><attrlabl Sync="TRUE">OID</attrlabl><attalias Sync="TRUE">OID</attalias><attrtype Sync="TRUE">OID</attrtype><attwidth Sync="TRUE">4</attwidth><atprecis Sync="TRUE">0</atprecis><attscale Sync="TRUE">0</attscale><attrdef Sync="TRUE">Internal feature number.</attrdef><attrdefs Sync="TRUE">ESRI</attrdefs><attrdomv><udom Sync="TRUE">Sequential unique whole numbers that are automatically generated.</udom></attrdomv></attr><attr xmlns=""><attrlabl Sync="TRUE">TLID</attrlabl><attalias Sync="TRUE">TLID</attalias><attrtype Sync="TRUE">Double</attrtype><attwidth Sync="TRUE">19</attwidth><atprecis Sync="TRUE">18</atprecis><attscale Sync="TRUE">8</attscale><attrdef>Unique segmant ID</attrdef></attr><attr xmlns=""><attrlabl Sync="TRUE">FULLNAME</attrlabl><attalias Sync="TRUE">FULLNAME</attalias><attrtype Sync="TRUE">String</attrtype><attwidth Sync="TRUE">100</attwidth><atprecis Sync="TRUE">0</atprecis><attscale Sync="TRUE">0</attscale><attrdef>Feature's full name.</attrdef></attr><attr xmlns=""><attrlabl Sync="TRUE">NAME</attrlabl><attalias Sync="TRUE">NAME</attalias><attrtype Sync="TRUE">String</attrtype><attwidth Sync="TRUE">100</attwidth><atprecis Sync="TRUE">0</atprecis><attscale Sync="TRUE">0</attscale><attrdef>Base name portion of the standardized name</attrdef></attr><attr xmlns=""><attrlabl Sync="TRUE">PREDIRABRV</attrlabl><attalias Sync="TRUE">PREDIRABRV</attalias><attrtype Sync="TRUE">String</attrtype><attwidth Sync="TRUE">15</attwidth><atprecis Sync="TRUE">0</atprecis><attscale Sync="TRUE">0</attscale><attrdef>Prefix direction description component of the feature name</attrdef></attr><attr xmlns=""><attrlabl Sync="TRUE">PRETYPABRV</attrlabl><attalias Sync="TRUE">PRETYPABRV</attalias><attrtype Sync="TRUE">String</attrtype><attwidth Sync="TRUE">50</attwidth><atprecis Sync="TRUE">0</atprecis><attscale Sync="TRUE">0</attscale><attrdef>Prefix type description component of the feature name</attrdef></attr><attr xmlns=""><attrlabl Sync="TRUE">PREQUALABR</attrlabl><attalias Sync="TRUE">PREQUALABR</attalias><attrtype Sync="TRUE">String</attrtype><attwidth Sync="TRUE">15</attwidth><atprecis Sync="TRUE">0</atprecis><attscale Sync="TRUE">0</attscale><attrdef>Prefix qualifier description component of the feature name</attrdef></attr><attr xmlns=""><attrlabl Sync="TRUE">SUFDIRABRV</attrlabl><attalias Sync="TRUE">SUFDIRABRV</attalias><attrtype Sync="TRUE">String</attrtype><attwidth Sync="TRUE">15</attwidth><atprecis Sync="TRUE">0</atprecis><attscale Sync="TRUE">0</attscale><attrdef>Suffix direction description component of the feature name</attrdef></attr><attr xmlns=""><attrlabl Sync="TRUE">SUFTYPABRV</attrlabl><attalias Sync="TRUE">SUFTYPABRV</attalias><attrtype Sync="TRUE">String</attrtype><attwidth Sync="TRUE">50</attwidth><atprecis Sync="TRUE">0</atprecis><attscale Sync="TRUE">0</attscale><attrdef>Suffix type description component of the feature name</attrdef></attr><attr xmlns=""><attrlabl Sync="TRUE">SUFQUALABR</attrlabl><attalias Sync="TRUE">SUFQUALABR</attalias><attrtype Sync="TRUE">String</attrtype><attwidth Sync="TRUE">15</attwidth><atprecis Sync="TRUE">0</atprecis><attscale Sync="TRUE">0</attscale><attrdef>Suffix qualifier description component of the feature name</attrdef></attr><attr xmlns=""><attrlabl Sync="TRUE">LINEARID</attrlabl><attalias Sync="TRUE">LINEARID</attalias><attrtype Sync="TRUE">String</attrtype><attwidth Sync="TRUE">22</attwidth><atprecis Sync="TRUE">0</atprecis><attscale Sync="TRUE">0</attscale><attrdef>Linear feature identifier</attrdef></attr><attr xmlns=""><attrlabl Sync="TRUE">MTFCC</attrlabl><attalias Sync="TRUE">MTFCC</attalias><attrtype Sync="TRUE">String</attrtype><attwidth Sync="TRUE">5</attwidth><atprecis Sync="TRUE">0</atprecis><attscale Sync="TRUE">0</attscale><attrdef>Segment type code; relates to the CEN2010TIGERROADS_MTFCC lookup table.</attrdef></attr><attr xmlns=""><attrlabl Sync="TRUE">PAFLAG</attrlabl><attalias Sync="TRUE">PAFLAG</attalias><attrtype Sync="TRUE">String</attrtype><attwidth Sync="TRUE">1</attwidth><atprecis Sync="TRUE">0</atprecis><attscale Sync="TRUE">0</attscale><attrdef>Primary or alternate name flag</attrdef><attrdomv><edom xmlns=""><edomv>p</edomv><edomvd>Primary name</edomvd></edom></attrdomv><attrdomv><edom><edomv>A</edomv><edomvd>Alternate name</edomvd></edom></attrdomv></attr></detailed></eainfo><mdDateSt Sync="TRUE">20110614</mdDateSt></metadata>
