<metadata xml:lang="en"><Esri><CreaDate>20110214</CreaDate><CreaTime>11061700</CreaTime><ArcGISFormat>1.0</ArcGISFormat><SyncOnce>FALSE</SyncOnce><DataProperties><itemProps><itemName Sync="TRUE">CENSUS2010TIGERROADS_ADDR</itemName><imsContentType Sync="TRUE">002</imsContentType><itemLocation><linkage Sync="TRUE">file://\\ES-AP-AMAP-1\E$\MassGIS\mtrust\export_shp\census2010\CENSUS2010TIGERROADS_ADDR.dbf</linkage><protocol Sync="TRUE">Local Area Network</protocol></itemLocation><itemSize Sync="TRUE">54.140</itemSize></itemProps><lineage><Process ToolSource="C:\Program Files (x86)\ArcGIS\Desktop10.0\ArcToolbox\Toolboxes\Data Management Tools.tbx\CopyRows" Date="20110614" Time="125453">CopyRows "Database Connections\GISDATA_VT.sde\GISDATA.CENSUS2010TIGERROADS_ADDR" E:\MassGIS\mtrust\export_shp\census2010\CENSUS2010TIGERROADS_ADDR.dbf #</Process></lineage></DataProperties><SyncDate>20110614</SyncDate><SyncTime>17114000</SyncTime><ModDate>20110614</ModDate><ModTime>17114000</ModTime><ArcGISProfile>FGDC</ArcGISProfile></Esri><dataIdInfo><envirDesc Sync="TRUE">Microsoft Windows Server 2008 R2 Version 6.1 (Build 7600) ; ESRI ArcGIS 10.0.2.3200</envirDesc><dataLang><languageCode value="eng" country="USA"/></dataLang><idCitation><resTitle Sync="FALSE">2010 U.S. Census TIGER Roads Address Ranges Relationships Table</resTitle><presForm><PresFormCd value="011"/></presForm></idCitation><spatRpType><SpatRepTypCd value="003"></SpatRepTypCd></spatRpType><descKeys><thesaName uuidref="723f6998-058e-11dc-8314-0800200c9a66"/><keyword Sync="TRUE">002</keyword></descKeys><idPurp>Statewide version of the address range relationship tables for the 2010 U.S. Census TIGER Roads.</idPurp><idAbs>&lt;DIV STYLE="text-align:Left;"&gt;&lt;DIV&gt;&lt;DIV&gt;&lt;P&gt;&lt;SPAN&gt;This table represents a significantly processed version of the address range relationship tables provided for each county: tl_2010__addr.dbf. It contains all of the address ranges and address numbers associated with 2010 TIGER segments, including those that can not be contained within the "most inclusive" range stored in the TIGER roads attribute table itself.Some examples of these are segments with addresses associated with more than one zipcode and address numbers with non-numeric characters. A full explanation of the address range relationship file can be found here: http://www.census.gov/geo/www/tiger/tgrshp2010/TGRSHP10C6.pdf.&lt;/SPAN&gt;&lt;/P&gt;&lt;P&gt;&lt;SPAN&gt;All county files for Massachusetts were initially merged into this single table. This resulted in a table with 677,072 records. But this table was not suitable for geocoding with standard locator service templates in the latest version of ArcGIS (ArcMap 10, SP1). The most appropriate template for dealing with address ranges requires a LEFTFROM, LEFTTO, RIGHTFROM, and RIGHTTO set of fields; each field inherently contains information about which side of the segment the address number exists on. But the schema of the address range relationship table has a FROMHN number field, a TOHN number field, and a SIDE field that specifies left (L) or right (R). The same problem exists with the zipcode field (ZIP). To solve this, the requisite set of fields were created in the table, as well as left and right town fields to store additional zone information. The TOWNL and TOWNR fields were populated by joining back to the TIGER roads on the unique TLID segment ID and transferring the information there. The address ranges and zipcode were allocated via the use of a Python script.&lt;/SPAN&gt;&lt;/P&gt;&lt;P&gt;&lt;SPAN&gt;The Python script performed checks of the SIDE field to see which pair of FROM/TO fields should receive the range information associated with each record. But this would normally result in a lot of wasted table space with NULL values associated with the other FROM/TO fields for that same record. So additional functionality was added to consolidate records, transferring address ranges between records sharing the same TLID value where each had an address range on opposing sides of the segment, and deleting the record that had its values moved. Values in different records that exist on the same side of a given segment were not consolidated, so as not to eliminate gaps between ranges that were intentional. Also, any address number containing a non-numeric symbol was kept intact and not transferred, as it is not readily apparent which destination record is the most suitable. This process resulted in nearly a 45% decrease in records in the final table without losing any of the information necessary for geocoding. (information pertaining to address ranges using imputed values was lost in the process however).&lt;/SPAN&gt;&lt;/P&gt;&lt;P&gt;&lt;SPAN&gt;As of the writing of this document, there does not exist an ArcMap geocoding locator service template that allows for the creation of a locator that makes use of both an alias street name table and a related address range table simultaneously. MassGIS is pursuing the development of such a template, though there is no estimated timetable on its release.&lt;/SPAN&gt;&lt;/P&gt;&lt;/DIV&gt;&lt;/DIV&gt;&lt;/DIV&gt;</idAbs><idCredit>U.S. Census Bureau, MassGIS</idCredit><searchKeys><keyword>transportation</keyword><keyword>addresses</keyword></searchKeys><resConst><Consts><useLimit>There are no access and use limitations for this table.</useLimit></Consts></resConst></dataIdInfo><mdLang><languageCode value="eng"/></mdLang><distInfo><distFormat><formatName Sync="TRUE">dBASE Table</formatName></distFormat><distTranOps><transSize Sync="TRUE">54.140</transSize></distTranOps></distInfo><mdHrLv><ScopeCd value="007"/></mdHrLv><mdHrLvName Sync="TRUE">dataset</mdHrLvName><eainfo><detailed Name="CENSUS2010TIGERROADS_ADDR" xmlns=""><enttyp><enttypl Sync="TRUE">CENSUS2010TIGERROADS_ADDR</enttypl><enttypt Sync="TRUE">Table</enttypt><enttypc Sync="TRUE">383581</enttypc></enttyp><attr><attrlabl Sync="TRUE">OID</attrlabl><attalias Sync="TRUE">OID</attalias><attrtype Sync="TRUE">OID</attrtype><attwidth Sync="TRUE">4</attwidth><atprecis Sync="TRUE">0</atprecis><attscale Sync="TRUE">0</attscale><attrdef Sync="TRUE">Internal feature number.</attrdef><attrdefs Sync="TRUE">ESRI</attrdefs><attrdomv><udom Sync="TRUE">Sequential unique whole numbers that are automatically generated.</udom></attrdomv></attr><attr xmlns=""><attrlabl Sync="TRUE">TLID</attrlabl><attalias Sync="TRUE">TLID</attalias><attrtype Sync="TRUE">Double</attrtype><attwidth Sync="TRUE">19</attwidth><atprecis Sync="TRUE">18</atprecis><attscale Sync="TRUE">8</attscale><attrdef>Unique TIGER/Line segment ID</attrdef></attr><attr xmlns=""><attrlabl Sync="TRUE">LFROMADD</attrlabl><attalias Sync="TRUE">LFROMADD</attalias><attrtype Sync="TRUE">String</attrtype><attwidth Sync="TRUE">12</attwidth><atprecis Sync="TRUE">0</atprecis><attscale Sync="TRUE">0</attscale><attrdef>Left "from" address</attrdef></attr><attr xmlns=""><attrlabl Sync="TRUE">LTOADD</attrlabl><attalias Sync="TRUE">LTOADD</attalias><attrtype Sync="TRUE">String</attrtype><attwidth Sync="TRUE">12</attwidth><atprecis Sync="TRUE">0</atprecis><attscale Sync="TRUE">0</attscale><attrdef>Left "to" address</attrdef></attr><attr xmlns=""><attrlabl Sync="TRUE">RFROMADD</attrlabl><attalias Sync="TRUE">RFROMADD</attalias><attrtype Sync="TRUE">String</attrtype><attwidth Sync="TRUE">12</attwidth><atprecis Sync="TRUE">0</atprecis><attscale Sync="TRUE">0</attscale><attrdef>Right "from" address</attrdef></attr><attr xmlns=""><attrlabl Sync="TRUE">RTOADD</attrlabl><attalias Sync="TRUE">RTOADD</attalias><attrtype Sync="TRUE">String</attrtype><attwidth Sync="TRUE">12</attwidth><atprecis Sync="TRUE">0</atprecis><attscale Sync="TRUE">0</attscale><attrdef>Right "to" address</attrdef></attr><attr xmlns=""><attrlabl Sync="TRUE">ZIPL</attrlabl><attalias Sync="TRUE">ZIPL</attalias><attrtype Sync="TRUE">String</attrtype><attwidth Sync="TRUE">5</attwidth><atprecis Sync="TRUE">0</atprecis><attscale Sync="TRUE">0</attscale><attrdef>ZIP Code on the left side of the street</attrdef></attr><attr xmlns=""><attrlabl Sync="TRUE">ZIPR</attrlabl><attalias Sync="TRUE">ZIPR</attalias><attrtype Sync="TRUE">String</attrtype><attwidth Sync="TRUE">5</attwidth><atprecis Sync="TRUE">0</atprecis><attscale Sync="TRUE">0</attscale><attrdef>ZIP Code on the right side of the street</attrdef></attr><attr xmlns=""><attrlabl Sync="TRUE">TOWNL</attrlabl><attalias Sync="TRUE">TOWNL</attalias><attrtype Sync="TRUE">String</attrtype><attwidth Sync="TRUE">35</attwidth><atprecis Sync="TRUE">0</atprecis><attscale Sync="TRUE">0</attscale><attrdef>City/town name on the left side of the street</attrdef></attr><attr xmlns=""><attrlabl Sync="TRUE">TOWNR</attrlabl><attalias Sync="TRUE">TOWNR</attalias><attrtype Sync="TRUE">String</attrtype><attwidth Sync="TRUE">35</attwidth><atprecis Sync="TRUE">0</atprecis><attscale Sync="TRUE">0</attscale><attrdef>City/town name on the right side of the street</attrdef></attr></detailed></eainfo><mdDateSt Sync="TRUE">20110614</mdDateSt></metadata>
